{
  "deck_configurations": [],
  "decks": {
    "GovTech — Plantilla Inteligente": {
      "collapsed": false,
      "desc": "Plantilla optimizada para estudio profundo GovTech.",
      "dyn": false,
      "extendNew": 0,
      "extendRev": 0,
      "id": 1,
      "mod": 0,
      "name": "GovTech — Plantilla Inteligente",
      "usn": 0
    }
  },
  "models": [
    {
      "id": 1000001,
      "name": "GovTech Inteligente",
      "type": 0,
      "mod": 0,
      "usn": 0,
      "flds": [
        {
          "name": "Concepto",
          "ord": 0
        },
        {
          "name": "ExplicacionClara",
          "ord": 1
        },
        {
          "name": "IdeaCentral",
          "ord": 2
        },
        {
          "name": "EjemploAplicado",
          "ord": 3
        },
        {
          "name": "NotasProfundidad",
          "ord": 4
        },
        {
          "name": "Imagen",
          "ord": 5
        }
      ],
      "tmpls": [
        {
          "name": "Tarjeta",
          "ord": 0,
          "qfmt": "{{Concepto}}",
          "afmt": "{{FrontSide}}<hr><div>{{ExplicacionClara}}</div><div>{{IdeaCentral}}</div><div>{{EjemploAplicado}}</div><div>{{NotasProfundidad}}</div><div>{{Imagen}}</div>"
        }
      ]
    }
  ],
  "notes": []
}